Típus,Név,Közzétéve,Látható,Rövid leírás,Leírás,Adó státusz,Raktár,Készlet,Függő rendelés engedélyezése,Egyedileg értékesíthető,Értékelés,Normál ár,Kategória,Címkék,Képek
"simple, virtual",aPauNWwDYL0a4cb,1,hidden,Rövid leírás teszt Rövid leírás teszt Rövid leírás teszt Rövid leírás teszt Rövid leírás teszt Rövid leírás teszt Rövid leírás teszt Rövid leírás teszt,Hosszú leírás teszt Hosszú leírás teszt Hosszú leírás teszt Hosszú leírás teszt Hosszú leírás teszt Hosszú leírás teszt Hosszú leírás teszt Hosszú leírás teszt Hosszú leírás teszt Hosszú leírás teszt Hosszú leírás teszt Hosszú leírás teszt Hosszú leírás teszt Hosszú leírás teszt Hosszú leírás teszt Hosszú leírás teszt Hosszú leírás teszt ,taxable,1,1,0,1,0,100000,qractivate,,https://qrsystem.hu/wp-content/uploads/2021/03/aPauNWwDYL0a4cb.png
"simple, virtual",VZcAbN4vgIQLyAO,1,hidden,Rövid leírás teszt Rövid leírás teszt Rövid leírás teszt Rövid leírás teszt Rövid leírás teszt Rövid leírás teszt Rövid leírás teszt Rövid leírás teszt,Hosszú leírás teszt Hosszú leírás teszt Hosszú leírás teszt Hosszú leírás teszt Hosszú leírás teszt Hosszú leírás teszt Hosszú leírás teszt Hosszú leírás teszt Hosszú leírás teszt Hosszú leírás teszt Hosszú leírás teszt Hosszú leírás teszt Hosszú leírás teszt Hosszú leírás teszt Hosszú leírás teszt Hosszú leírás teszt Hosszú leírás teszt ,taxable,1,1,0,1,0,100000,qractivate,,https://qrsystem.hu/wp-content/uploads/2021/03/VZcAbN4vgIQLyAO.png
"simple, virtual",qQl3oFWg0RZof0J,1,hidden,Rövid leírás teszt Rövid leírás teszt Rövid leírás teszt Rövid leírás teszt Rövid leírás teszt Rövid leírás teszt Rövid leírás teszt Rövid leírás teszt,Hosszú leírás teszt Hosszú leírás teszt Hosszú leírás teszt Hosszú leírás teszt Hosszú leírás teszt Hosszú leírás teszt Hosszú leírás teszt Hosszú leírás teszt Hosszú leírás teszt Hosszú leírás teszt Hosszú leírás teszt Hosszú leírás teszt Hosszú leírás teszt Hosszú leírás teszt Hosszú leírás teszt Hosszú leírás teszt Hosszú leírás teszt ,taxable,1,1,0,1,0,100000,qractivate,,https://qrsystem.hu/wp-content/uploads/2021/03/qQl3oFWg0RZof0J.png
"simple, virtual",b4bXdol4cP0ZePR,1,hidden,Rövid leírás teszt Rövid leírás teszt Rövid leírás teszt Rövid leírás teszt Rövid leírás teszt Rövid leírás teszt Rövid leírás teszt Rövid leírás teszt,Hosszú leírás teszt Hosszú leírás teszt Hosszú leírás teszt Hosszú leírás teszt Hosszú leírás teszt Hosszú leírás teszt Hosszú leírás teszt Hosszú leírás teszt Hosszú leírás teszt Hosszú leírás teszt Hosszú leírás teszt Hosszú leírás teszt Hosszú leírás teszt Hosszú leírás teszt Hosszú leírás teszt Hosszú leírás teszt Hosszú leírás teszt ,taxable,1,1,0,1,0,100000,qractivate,,https://qrsystem.hu/wp-content/uploads/2021/03/b4bXdol4cP0ZePR.png
"simple, virtual",ojFKDk73UYOOf0c,1,hidden,Rövid leírás teszt Rövid leírás teszt Rövid leírás teszt Rövid leírás teszt Rövid leírás teszt Rövid leírás teszt Rövid leírás teszt Rövid leírás teszt,Hosszú leírás teszt Hosszú leírás teszt Hosszú leírás teszt Hosszú leírás teszt Hosszú leírás teszt Hosszú leírás teszt Hosszú leírás teszt Hosszú leírás teszt Hosszú leírás teszt Hosszú leírás teszt Hosszú leírás teszt Hosszú leírás teszt Hosszú leírás teszt Hosszú leírás teszt Hosszú leírás teszt Hosszú leírás teszt Hosszú leírás teszt ,taxable,1,1,0,1,0,100000,qractivate,,https://qrsystem.hu/wp-content/uploads/2021/03/ojFKDk73UYOOf0c.png
"simple, virtual",fL69CuuwzuQ7AMp,1,hidden,Rövid leírás teszt Rövid leírás teszt Rövid leírás teszt Rövid leírás teszt Rövid leírás teszt Rövid leírás teszt Rövid leírás teszt Rövid leírás teszt,Hosszú leírás teszt Hosszú leírás teszt Hosszú leírás teszt Hosszú leírás teszt Hosszú leírás teszt Hosszú leírás teszt Hosszú leírás teszt Hosszú leírás teszt Hosszú leírás teszt Hosszú leírás teszt Hosszú leírás teszt Hosszú leírás teszt Hosszú leírás teszt Hosszú leírás teszt Hosszú leírás teszt Hosszú leírás teszt Hosszú leírás teszt ,taxable,1,1,0,1,0,100000,qractivate,,https://qrsystem.hu/wp-content/uploads/2021/03/fL69CuuwzuQ7AMp.png
"simple, virtual",8EFgXw5F6a56GLE,1,hidden,Rövid leírás teszt Rövid leírás teszt Rövid leírás teszt Rövid leírás teszt Rövid leírás teszt Rövid leírás teszt Rövid leírás teszt Rövid leírás teszt,Hosszú leírás teszt Hosszú leírás teszt Hosszú leírás teszt Hosszú leírás teszt Hosszú leírás teszt Hosszú leírás teszt Hosszú leírás teszt Hosszú leírás teszt Hosszú leírás teszt Hosszú leírás teszt Hosszú leírás teszt Hosszú leírás teszt Hosszú leírás teszt Hosszú leírás teszt Hosszú leírás teszt Hosszú leírás teszt Hosszú leírás teszt ,taxable,1,1,0,1,0,100000,qractivate,,https://qrsystem.hu/wp-content/uploads/2021/03/8EFgXw5F6a56GLE.png
"simple, virtual",XPbHbaffMa3BCwy,1,hidden,Rövid leírás teszt Rövid leírás teszt Rövid leírás teszt Rövid leírás teszt Rövid leírás teszt Rövid leírás teszt Rövid leírás teszt Rövid leírás teszt,Hosszú leírás teszt Hosszú leírás teszt Hosszú leírás teszt Hosszú leírás teszt Hosszú leírás teszt Hosszú leírás teszt Hosszú leírás teszt Hosszú leírás teszt Hosszú leírás teszt Hosszú leírás teszt Hosszú leírás teszt Hosszú leírás teszt Hosszú leírás teszt Hosszú leírás teszt Hosszú leírás teszt Hosszú leírás teszt Hosszú leírás teszt ,taxable,1,1,0,1,0,100000,qractivate,,https://qrsystem.hu/wp-content/uploads/2021/03/XPbHbaffMa3BCwy.png
"simple, virtual",pna6YwbUmZS0WGo,1,hidden,Rövid leírás teszt Rövid leírás teszt Rövid leírás teszt Rövid leírás teszt Rövid leírás teszt Rövid leírás teszt Rövid leírás teszt Rövid leírás teszt,Hosszú leírás teszt Hosszú leírás teszt Hosszú leírás teszt Hosszú leírás teszt Hosszú leírás teszt Hosszú leírás teszt Hosszú leírás teszt Hosszú leírás teszt Hosszú leírás teszt Hosszú leírás teszt Hosszú leírás teszt Hosszú leírás teszt Hosszú leírás teszt Hosszú leírás teszt Hosszú leírás teszt Hosszú leírás teszt Hosszú leírás teszt ,taxable,1,1,0,1,0,100000,qractivate,,https://qrsystem.hu/wp-content/uploads/2021/03/pna6YwbUmZS0WGo.png
"simple, virtual",z2JcYVfHVOxXuhC,1,hidden,Rövid leírás teszt Rövid leírás teszt Rövid leírás teszt Rövid leírás teszt Rövid leírás teszt Rövid leírás teszt Rövid leírás teszt Rövid leírás teszt,Hosszú leírás teszt Hosszú leírás teszt Hosszú leírás teszt Hosszú leírás teszt Hosszú leírás teszt Hosszú leírás teszt Hosszú leírás teszt Hosszú leírás teszt Hosszú leírás teszt Hosszú leírás teszt Hosszú leírás teszt Hosszú leírás teszt Hosszú leírás teszt Hosszú leírás teszt Hosszú leírás teszt Hosszú leírás teszt Hosszú leírás teszt ,taxable,1,1,0,1,0,100000,qractivate,,https://qrsystem.hu/wp-content/uploads/2021/03/z2JcYVfHVOxXuhC.png
"simple, virtual",CnuvrU9tG2KRTJO,1,hidden,Rövid leírás teszt Rövid leírás teszt Rövid leírás teszt Rövid leírás teszt Rövid leírás teszt Rövid leírás teszt Rövid leírás teszt Rövid leírás teszt,Hosszú leírás teszt Hosszú leírás teszt Hosszú leírás teszt Hosszú leírás teszt Hosszú leírás teszt Hosszú leírás teszt Hosszú leírás teszt Hosszú leírás teszt Hosszú leírás teszt Hosszú leírás teszt Hosszú leírás teszt Hosszú leírás teszt Hosszú leírás teszt Hosszú leírás teszt Hosszú leírás teszt Hosszú leírás teszt Hosszú leírás teszt ,taxable,1,1,0,1,0,100000,qractivate,,https://qrsystem.hu/wp-content/uploads/2021/03/CnuvrU9tG2KRTJO.png
"simple, virtual",Zui3hoFhcjdMUGK,1,hidden,Rövid leírás teszt Rövid leírás teszt Rövid leírás teszt Rövid leírás teszt Rövid leírás teszt Rövid leírás teszt Rövid leírás teszt Rövid leírás teszt,Hosszú leírás teszt Hosszú leírás teszt Hosszú leírás teszt Hosszú leírás teszt Hosszú leírás teszt Hosszú leírás teszt Hosszú leírás teszt Hosszú leírás teszt Hosszú leírás teszt Hosszú leírás teszt Hosszú leírás teszt Hosszú leírás teszt Hosszú leírás teszt Hosszú leírás teszt Hosszú leírás teszt Hosszú leírás teszt Hosszú leírás teszt ,taxable,1,1,0,1,0,100000,qractivate,,https://qrsystem.hu/wp-content/uploads/2021/03/Zui3hoFhcjdMUGK.png
"simple, virtual",D2ZUU8bidLUtBL3,1,hidden,Rövid leírás teszt Rövid leírás teszt Rövid leírás teszt Rövid leírás teszt Rövid leírás teszt Rövid leírás teszt Rövid leírás teszt Rövid leírás teszt,Hosszú leírás teszt Hosszú leírás teszt Hosszú leírás teszt Hosszú leírás teszt Hosszú leírás teszt Hosszú leírás teszt Hosszú leírás teszt Hosszú leírás teszt Hosszú leírás teszt Hosszú leírás teszt Hosszú leírás teszt Hosszú leírás teszt Hosszú leírás teszt Hosszú leírás teszt Hosszú leírás teszt Hosszú leírás teszt Hosszú leírás teszt ,taxable,1,1,0,1,0,100000,qractivate,,https://qrsystem.hu/wp-content/uploads/2021/03/D2ZUU8bidLUtBL3.png
"simple, virtual",3UmBJDaBUoGB7P1,1,hidden,Rövid leírás teszt Rövid leírás teszt Rövid leírás teszt Rövid leírás teszt Rövid leírás teszt Rövid leírás teszt Rövid leírás teszt Rövid leírás teszt,Hosszú leírás teszt Hosszú leírás teszt Hosszú leírás teszt Hosszú leírás teszt Hosszú leírás teszt Hosszú leírás teszt Hosszú leírás teszt Hosszú leírás teszt Hosszú leírás teszt Hosszú leírás teszt Hosszú leírás teszt Hosszú leírás teszt Hosszú leírás teszt Hosszú leírás teszt Hosszú leírás teszt Hosszú leírás teszt Hosszú leírás teszt ,taxable,1,1,0,1,0,100000,qractivate,,https://qrsystem.hu/wp-content/uploads/2021/03/3UmBJDaBUoGB7P1.png
"simple, virtual",bP8xNhQw7xCwYQ0,1,hidden,Rövid leírás teszt Rövid leírás teszt Rövid leírás teszt Rövid leírás teszt Rövid leírás teszt Rövid leírás teszt Rövid leírás teszt Rövid leírás teszt,Hosszú leírás teszt Hosszú leírás teszt Hosszú leírás teszt Hosszú leírás teszt Hosszú leírás teszt Hosszú leírás teszt Hosszú leírás teszt Hosszú leírás teszt Hosszú leírás teszt Hosszú leírás teszt Hosszú leírás teszt Hosszú leírás teszt Hosszú leírás teszt Hosszú leírás teszt Hosszú leírás teszt Hosszú leírás teszt Hosszú leírás teszt ,taxable,1,1,0,1,0,100000,qractivate,,https://qrsystem.hu/wp-content/uploads/2021/03/bP8xNhQw7xCwYQ0.png
"simple, virtual",69XaSDSjtj0cv8P,1,hidden,Rövid leírás teszt Rövid leírás teszt Rövid leírás teszt Rövid leírás teszt Rövid leírás teszt Rövid leírás teszt Rövid leírás teszt Rövid leírás teszt,Hosszú leírás teszt Hosszú leírás teszt Hosszú leírás teszt Hosszú leírás teszt Hosszú leírás teszt Hosszú leírás teszt Hosszú leírás teszt Hosszú leírás teszt Hosszú leírás teszt Hosszú leírás teszt Hosszú leírás teszt Hosszú leírás teszt Hosszú leírás teszt Hosszú leírás teszt Hosszú leírás teszt Hosszú leírás teszt Hosszú leírás teszt ,taxable,1,1,0,1,0,100000,qractivate,,https://qrsystem.hu/wp-content/uploads/2021/03/69XaSDSjtj0cv8P.png
"simple, virtual",yVan9QewBqFhSSh,1,hidden,Rövid leírás teszt Rövid leírás teszt Rövid leírás teszt Rövid leírás teszt Rövid leírás teszt Rövid leírás teszt Rövid leírás teszt Rövid leírás teszt,Hosszú leírás teszt Hosszú leírás teszt Hosszú leírás teszt Hosszú leírás teszt Hosszú leírás teszt Hosszú leírás teszt Hosszú leírás teszt Hosszú leírás teszt Hosszú leírás teszt Hosszú leírás teszt Hosszú leírás teszt Hosszú leírás teszt Hosszú leírás teszt Hosszú leírás teszt Hosszú leírás teszt Hosszú leírás teszt Hosszú leírás teszt ,taxable,1,1,0,1,0,100000,qractivate,,https://qrsystem.hu/wp-content/uploads/2021/03/yVan9QewBqFhSSh.png
"simple, virtual",aIhfmhvDwqvEb4B,1,hidden,Rövid leírás teszt Rövid leírás teszt Rövid leírás teszt Rövid leírás teszt Rövid leírás teszt Rövid leírás teszt Rövid leírás teszt Rövid leírás teszt,Hosszú leírás teszt Hosszú leírás teszt Hosszú leírás teszt Hosszú leírás teszt Hosszú leírás teszt Hosszú leírás teszt Hosszú leírás teszt Hosszú leírás teszt Hosszú leírás teszt Hosszú leírás teszt Hosszú leírás teszt Hosszú leírás teszt Hosszú leírás teszt Hosszú leírás teszt Hosszú leírás teszt Hosszú leírás teszt Hosszú leírás teszt ,taxable,1,1,0,1,0,100000,qractivate,,https://qrsystem.hu/wp-content/uploads/2021/03/aIhfmhvDwqvEb4B.png
"simple, virtual",vHaWxzPF8PUI2my,1,hidden,Rövid leírás teszt Rövid leírás teszt Rövid leírás teszt Rövid leírás teszt Rövid leírás teszt Rövid leírás teszt Rövid leírás teszt Rövid leírás teszt,Hosszú leírás teszt Hosszú leírás teszt Hosszú leírás teszt Hosszú leírás teszt Hosszú leírás teszt Hosszú leírás teszt Hosszú leírás teszt Hosszú leírás teszt Hosszú leírás teszt Hosszú leírás teszt Hosszú leírás teszt Hosszú leírás teszt Hosszú leírás teszt Hosszú leírás teszt Hosszú leírás teszt Hosszú leírás teszt Hosszú leírás teszt ,taxable,1,1,0,1,0,100000,qractivate,,https://qrsystem.hu/wp-content/uploads/2021/03/vHaWxzPF8PUI2my.png
"simple, virtual",GDrdVFG09L5eDH4,1,hidden,Rövid leírás teszt Rövid leírás teszt Rövid leírás teszt Rövid leírás teszt Rövid leírás teszt Rövid leírás teszt Rövid leírás teszt Rövid leírás teszt,Hosszú leírás teszt Hosszú leírás teszt Hosszú leírás teszt Hosszú leírás teszt Hosszú leírás teszt Hosszú leírás teszt Hosszú leírás teszt Hosszú leírás teszt Hosszú leírás teszt Hosszú leírás teszt Hosszú leírás teszt Hosszú leírás teszt Hosszú leírás teszt Hosszú leírás teszt Hosszú leírás teszt Hosszú leírás teszt Hosszú leírás teszt ,taxable,1,1,0,1,0,100000,qractivate,,https://qrsystem.hu/wp-content/uploads/2021/03/GDrdVFG09L5eDH4.png
"simple, virtual",UFsgQY738lqfoNm,1,hidden,Rövid leírás teszt Rövid leírás teszt Rövid leírás teszt Rövid leírás teszt Rövid leírás teszt Rövid leírás teszt Rövid leírás teszt Rövid leírás teszt,Hosszú leírás teszt Hosszú leírás teszt Hosszú leírás teszt Hosszú leírás teszt Hosszú leírás teszt Hosszú leírás teszt Hosszú leírás teszt Hosszú leírás teszt Hosszú leírás teszt Hosszú leírás teszt Hosszú leírás teszt Hosszú leírás teszt Hosszú leírás teszt Hosszú leírás teszt Hosszú leírás teszt Hosszú leírás teszt Hosszú leírás teszt ,taxable,1,1,0,1,0,100000,qractivate,,https://qrsystem.hu/wp-content/uploads/2021/03/UFsgQY738lqfoNm.png
"simple, virtual",9GoFE66Vvjab9MB,1,hidden,Rövid leírás teszt Rövid leírás teszt Rövid leírás teszt Rövid leírás teszt Rövid leírás teszt Rövid leírás teszt Rövid leírás teszt Rövid leírás teszt,Hosszú leírás teszt Hosszú leírás teszt Hosszú leírás teszt Hosszú leírás teszt Hosszú leírás teszt Hosszú leírás teszt Hosszú leírás teszt Hosszú leírás teszt Hosszú leírás teszt Hosszú leírás teszt Hosszú leírás teszt Hosszú leírás teszt Hosszú leírás teszt Hosszú leírás teszt Hosszú leírás teszt Hosszú leírás teszt Hosszú leírás teszt ,taxable,1,1,0,1,0,100000,qractivate,,https://qrsystem.hu/wp-content/uploads/2021/03/9GoFE66Vvjab9MB.png
"simple, virtual",2vQ9ru7NBxozF2B,1,hidden,Rövid leírás teszt Rövid leírás teszt Rövid leírás teszt Rövid leírás teszt Rövid leírás teszt Rövid leírás teszt Rövid leírás teszt Rövid leírás teszt,Hosszú leírás teszt Hosszú leírás teszt Hosszú leírás teszt Hosszú leírás teszt Hosszú leírás teszt Hosszú leírás teszt Hosszú leírás teszt Hosszú leírás teszt Hosszú leírás teszt Hosszú leírás teszt Hosszú leírás teszt Hosszú leírás teszt Hosszú leírás teszt Hosszú leírás teszt Hosszú leírás teszt Hosszú leírás teszt Hosszú leírás teszt ,taxable,1,1,0,1,0,100000,qractivate,,https://qrsystem.hu/wp-content/uploads/2021/03/2vQ9ru7NBxozF2B.png
"simple, virtual",SH6V4LurEhemeNP,1,hidden,Rövid leírás teszt Rövid leírás teszt Rövid leírás teszt Rövid leírás teszt Rövid leírás teszt Rövid leírás teszt Rövid leírás teszt Rövid leírás teszt,Hosszú leírás teszt Hosszú leírás teszt Hosszú leírás teszt Hosszú leírás teszt Hosszú leírás teszt Hosszú leírás teszt Hosszú leírás teszt Hosszú leírás teszt Hosszú leírás teszt Hosszú leírás teszt Hosszú leírás teszt Hosszú leírás teszt Hosszú leírás teszt Hosszú leírás teszt Hosszú leírás teszt Hosszú leírás teszt Hosszú leírás teszt ,taxable,1,1,0,1,0,100000,qractivate,,https://qrsystem.hu/wp-content/uploads/2021/03/SH6V4LurEhemeNP.png
"simple, virtual",BtXltsRnXkrO4hd,1,hidden,Rövid leírás teszt Rövid leírás teszt Rövid leírás teszt Rövid leírás teszt Rövid leírás teszt Rövid leírás teszt Rövid leírás teszt Rövid leírás teszt,Hosszú leírás teszt Hosszú leírás teszt Hosszú leírás teszt Hosszú leírás teszt Hosszú leírás teszt Hosszú leírás teszt Hosszú leírás teszt Hosszú leírás teszt Hosszú leírás teszt Hosszú leírás teszt Hosszú leírás teszt Hosszú leírás teszt Hosszú leírás teszt Hosszú leírás teszt Hosszú leírás teszt Hosszú leírás teszt Hosszú leírás teszt ,taxable,1,1,0,1,0,100000,qractivate,,https://qrsystem.hu/wp-content/uploads/2021/03/BtXltsRnXkrO4hd.png
"simple, virtual",rTpyXt9lOaQXhun,1,hidden,Rövid leírás teszt Rövid leírás teszt Rövid leírás teszt Rövid leírás teszt Rövid leírás teszt Rövid leírás teszt Rövid leírás teszt Rövid leírás teszt,Hosszú leírás teszt Hosszú leírás teszt Hosszú leírás teszt Hosszú leírás teszt Hosszú leírás teszt Hosszú leírás teszt Hosszú leírás teszt Hosszú leírás teszt Hosszú leírás teszt Hosszú leírás teszt Hosszú leírás teszt Hosszú leírás teszt Hosszú leírás teszt Hosszú leírás teszt Hosszú leírás teszt Hosszú leírás teszt Hosszú leírás teszt ,taxable,1,1,0,1,0,100000,qractivate,,https://qrsystem.hu/wp-content/uploads/2021/03/rTpyXt9lOaQXhun.png
"simple, virtual",09yMbKfg0jLdgeX,1,hidden,Rövid leírás teszt Rövid leírás teszt Rövid leírás teszt Rövid leírás teszt Rövid leírás teszt Rövid leírás teszt Rövid leírás teszt Rövid leírás teszt,Hosszú leírás teszt Hosszú leírás teszt Hosszú leírás teszt Hosszú leírás teszt Hosszú leírás teszt Hosszú leírás teszt Hosszú leírás teszt Hosszú leírás teszt Hosszú leírás teszt Hosszú leírás teszt Hosszú leírás teszt Hosszú leírás teszt Hosszú leírás teszt Hosszú leírás teszt Hosszú leírás teszt Hosszú leírás teszt Hosszú leírás teszt ,taxable,1,1,0,1,0,100000,qractivate,,https://qrsystem.hu/wp-content/uploads/2021/03/09yMbKfg0jLdgeX.png
"simple, virtual",mUTo9TyTAbUxXjE,1,hidden,Rövid leírás teszt Rövid leírás teszt Rövid leírás teszt Rövid leírás teszt Rövid leírás teszt Rövid leírás teszt Rövid leírás teszt Rövid leírás teszt,Hosszú leírás teszt Hosszú leírás teszt Hosszú leírás teszt Hosszú leírás teszt Hosszú leírás teszt Hosszú leírás teszt Hosszú leírás teszt Hosszú leírás teszt Hosszú leírás teszt Hosszú leírás teszt Hosszú leírás teszt Hosszú leírás teszt Hosszú leírás teszt Hosszú leírás teszt Hosszú leírás teszt Hosszú leírás teszt Hosszú leírás teszt ,taxable,1,1,0,1,0,100000,qractivate,,https://qrsystem.hu/wp-content/uploads/2021/03/mUTo9TyTAbUxXjE.png
"simple, virtual",cxj7t2JAyNaUVWQ,1,hidden,Rövid leírás teszt Rövid leírás teszt Rövid leírás teszt Rövid leírás teszt Rövid leírás teszt Rövid leírás teszt Rövid leírás teszt Rövid leírás teszt,Hosszú leírás teszt Hosszú leírás teszt Hosszú leírás teszt Hosszú leírás teszt Hosszú leírás teszt Hosszú leírás teszt Hosszú leírás teszt Hosszú leírás teszt Hosszú leírás teszt Hosszú leírás teszt Hosszú leírás teszt Hosszú leírás teszt Hosszú leírás teszt Hosszú leírás teszt Hosszú leírás teszt Hosszú leírás teszt Hosszú leírás teszt ,taxable,1,1,0,1,0,100000,qractivate,,https://qrsystem.hu/wp-content/uploads/2021/03/cxj7t2JAyNaUVWQ.png
"simple, virtual",xzoUPlQ85hH4xKL,1,hidden,Rövid leírás teszt Rövid leírás teszt Rövid leírás teszt Rövid leírás teszt Rövid leírás teszt Rövid leírás teszt Rövid leírás teszt Rövid leírás teszt,Hosszú leírás teszt Hosszú leírás teszt Hosszú leírás teszt Hosszú leírás teszt Hosszú leírás teszt Hosszú leírás teszt Hosszú leírás teszt Hosszú leírás teszt Hosszú leírás teszt Hosszú leírás teszt Hosszú leírás teszt Hosszú leírás teszt Hosszú leírás teszt Hosszú leírás teszt Hosszú leírás teszt Hosszú leírás teszt Hosszú leírás teszt ,taxable,1,1,0,1,0,100000,qractivate,,https://qrsystem.hu/wp-content/uploads/2021/03/xzoUPlQ85hH4xKL.png
"simple, virtual",0NzyPFRlEFqczN6,1,hidden,Rövid leírás teszt Rövid leírás teszt Rövid leírás teszt Rövid leírás teszt Rövid leírás teszt Rövid leírás teszt Rövid leírás teszt Rövid leírás teszt,Hosszú leírás teszt Hosszú leírás teszt Hosszú leírás teszt Hosszú leírás teszt Hosszú leírás teszt Hosszú leírás teszt Hosszú leírás teszt Hosszú leírás teszt Hosszú leírás teszt Hosszú leírás teszt Hosszú leírás teszt Hosszú leírás teszt Hosszú leírás teszt Hosszú leírás teszt Hosszú leírás teszt Hosszú leírás teszt Hosszú leírás teszt ,taxable,1,1,0,1,0,100000,qractivate,,https://qrsystem.hu/wp-content/uploads/2021/03/0NzyPFRlEFqczN6.png
"simple, virtual",NrT1EWnzU69FzdP,1,hidden,Rövid leírás teszt Rövid leírás teszt Rövid leírás teszt Rövid leírás teszt Rövid leírás teszt Rövid leírás teszt Rövid leírás teszt Rövid leírás teszt,Hosszú leírás teszt Hosszú leírás teszt Hosszú leírás teszt Hosszú leírás teszt Hosszú leírás teszt Hosszú leírás teszt Hosszú leírás teszt Hosszú leírás teszt Hosszú leírás teszt Hosszú leírás teszt Hosszú leírás teszt Hosszú leírás teszt Hosszú leírás teszt Hosszú leírás teszt Hosszú leírás teszt Hosszú leírás teszt Hosszú leírás teszt ,taxable,1,1,0,1,0,100000,qractivate,,https://qrsystem.hu/wp-content/uploads/2021/03/NrT1EWnzU69FzdP.png
"simple, virtual",amNqm2tw5HpViHp,1,hidden,Rövid leírás teszt Rövid leírás teszt Rövid leírás teszt Rövid leírás teszt Rövid leírás teszt Rövid leírás teszt Rövid leírás teszt Rövid leírás teszt,Hosszú leírás teszt Hosszú leírás teszt Hosszú leírás teszt Hosszú leírás teszt Hosszú leírás teszt Hosszú leírás teszt Hosszú leírás teszt Hosszú leírás teszt Hosszú leírás teszt Hosszú leírás teszt Hosszú leírás teszt Hosszú leírás teszt Hosszú leírás teszt Hosszú leírás teszt Hosszú leírás teszt Hosszú leírás teszt Hosszú leírás teszt ,taxable,1,1,0,1,0,100000,qractivate,,https://qrsystem.hu/wp-content/uploads/2021/03/amNqm2tw5HpViHp.png
"simple, virtual",8N8mgRNdVE0HYOj,1,hidden,Rövid leírás teszt Rövid leírás teszt Rövid leírás teszt Rövid leírás teszt Rövid leírás teszt Rövid leírás teszt Rövid leírás teszt Rövid leírás teszt,Hosszú leírás teszt Hosszú leírás teszt Hosszú leírás teszt Hosszú leírás teszt Hosszú leírás teszt Hosszú leírás teszt Hosszú leírás teszt Hosszú leírás teszt Hosszú leírás teszt Hosszú leírás teszt Hosszú leírás teszt Hosszú leírás teszt Hosszú leírás teszt Hosszú leírás teszt Hosszú leírás teszt Hosszú leírás teszt Hosszú leírás teszt ,taxable,1,1,0,1,0,100000,qractivate,,https://qrsystem.hu/wp-content/uploads/2021/03/8N8mgRNdVE0HYOj.png
"simple, virtual",pd5tNQorXZ7qi8T,1,hidden,Rövid leírás teszt Rövid leírás teszt Rövid leírás teszt Rövid leírás teszt Rövid leírás teszt Rövid leírás teszt Rövid leírás teszt Rövid leírás teszt,Hosszú leírás teszt Hosszú leírás teszt Hosszú leírás teszt Hosszú leírás teszt Hosszú leírás teszt Hosszú leírás teszt Hosszú leírás teszt Hosszú leírás teszt Hosszú leírás teszt Hosszú leírás teszt Hosszú leírás teszt Hosszú leírás teszt Hosszú leírás teszt Hosszú leírás teszt Hosszú leírás teszt Hosszú leírás teszt Hosszú leírás teszt ,taxable,1,1,0,1,0,100000,qractivate,,https://qrsystem.hu/wp-content/uploads/2021/03/pd5tNQorXZ7qi8T.png
"simple, virtual",eldtH2QxTv5umjt,1,hidden,Rövid leírás teszt Rövid leírás teszt Rövid leírás teszt Rövid leírás teszt Rövid leírás teszt Rövid leírás teszt Rövid leírás teszt Rövid leírás teszt,Hosszú leírás teszt Hosszú leírás teszt Hosszú leírás teszt Hosszú leírás teszt Hosszú leírás teszt Hosszú leírás teszt Hosszú leírás teszt Hosszú leírás teszt Hosszú leírás teszt Hosszú leírás teszt Hosszú leírás teszt Hosszú leírás teszt Hosszú leírás teszt Hosszú leírás teszt Hosszú leírás teszt Hosszú leírás teszt Hosszú leírás teszt ,taxable,1,1,0,1,0,100000,qractivate,,https://qrsystem.hu/wp-content/uploads/2021/03/eldtH2QxTv5umjt.png
"simple, virtual",IbS1PD3SNQyur0K,1,hidden,Rövid leírás teszt Rövid leírás teszt Rövid leírás teszt Rövid leírás teszt Rövid leírás teszt Rövid leírás teszt Rövid leírás teszt Rövid leírás teszt,Hosszú leírás teszt Hosszú leírás teszt Hosszú leírás teszt Hosszú leírás teszt Hosszú leírás teszt Hosszú leírás teszt Hosszú leírás teszt Hosszú leírás teszt Hosszú leírás teszt Hosszú leírás teszt Hosszú leírás teszt Hosszú leírás teszt Hosszú leírás teszt Hosszú leírás teszt Hosszú leírás teszt Hosszú leírás teszt Hosszú leírás teszt ,taxable,1,1,0,1,0,100000,qractivate,,https://qrsystem.hu/wp-content/uploads/2021/03/IbS1PD3SNQyur0K.png
"simple, virtual",vfLpGWvgpNsdXAc,1,hidden,Rövid leírás teszt Rövid leírás teszt Rövid leírás teszt Rövid leírás teszt Rövid leírás teszt Rövid leírás teszt Rövid leírás teszt Rövid leírás teszt,Hosszú leírás teszt Hosszú leírás teszt Hosszú leírás teszt Hosszú leírás teszt Hosszú leírás teszt Hosszú leírás teszt Hosszú leírás teszt Hosszú leírás teszt Hosszú leírás teszt Hosszú leírás teszt Hosszú leírás teszt Hosszú leírás teszt Hosszú leírás teszt Hosszú leírás teszt Hosszú leírás teszt Hosszú leírás teszt Hosszú leírás teszt ,taxable,1,1,0,1,0,100000,qractivate,,https://qrsystem.hu/wp-content/uploads/2021/03/vfLpGWvgpNsdXAc.png
"simple, virtual",gfmSmaRYeJXmd7s,1,hidden,Rövid leírás teszt Rövid leírás teszt Rövid leírás teszt Rövid leírás teszt Rövid leírás teszt Rövid leírás teszt Rövid leírás teszt Rövid leírás teszt,Hosszú leírás teszt Hosszú leírás teszt Hosszú leírás teszt Hosszú leírás teszt Hosszú leírás teszt Hosszú leírás teszt Hosszú leírás teszt Hosszú leírás teszt Hosszú leírás teszt Hosszú leírás teszt Hosszú leírás teszt Hosszú leírás teszt Hosszú leírás teszt Hosszú leírás teszt Hosszú leírás teszt Hosszú leírás teszt Hosszú leírás teszt ,taxable,1,1,0,1,0,100000,qractivate,,https://qrsystem.hu/wp-content/uploads/2021/03/gfmSmaRYeJXmd7s.png
"simple, virtual",LsBo0BbAU0RYSAL,1,hidden,Rövid leírás teszt Rövid leírás teszt Rövid leírás teszt Rövid leírás teszt Rövid leírás teszt Rövid leírás teszt Rövid leírás teszt Rövid leírás teszt,Hosszú leírás teszt Hosszú leírás teszt Hosszú leírás teszt Hosszú leírás teszt Hosszú leírás teszt Hosszú leírás teszt Hosszú leírás teszt Hosszú leírás teszt Hosszú leírás teszt Hosszú leírás teszt Hosszú leírás teszt Hosszú leírás teszt Hosszú leírás teszt Hosszú leírás teszt Hosszú leírás teszt Hosszú leírás teszt Hosszú leírás teszt ,taxable,1,1,0,1,0,100000,qractivate,,https://qrsystem.hu/wp-content/uploads/2021/03/LsBo0BbAU0RYSAL.png
"simple, virtual",XqIq0KuYwN83FSl,1,hidden,Rövid leírás teszt Rövid leírás teszt Rövid leírás teszt Rövid leírás teszt Rövid leírás teszt Rövid leírás teszt Rövid leírás teszt Rövid leírás teszt,Hosszú leírás teszt Hosszú leírás teszt Hosszú leírás teszt Hosszú leírás teszt Hosszú leírás teszt Hosszú leírás teszt Hosszú leírás teszt Hosszú leírás teszt Hosszú leírás teszt Hosszú leírás teszt Hosszú leírás teszt Hosszú leírás teszt Hosszú leírás teszt Hosszú leírás teszt Hosszú leírás teszt Hosszú leírás teszt Hosszú leírás teszt ,taxable,1,1,0,1,0,100000,qractivate,,https://qrsystem.hu/wp-content/uploads/2021/03/XqIq0KuYwN83FSl.png
"simple, virtual",JtkbyUDZkPTJgcQ,1,hidden,Rövid leírás teszt Rövid leírás teszt Rövid leírás teszt Rövid leírás teszt Rövid leírás teszt Rövid leírás teszt Rövid leírás teszt Rövid leírás teszt,Hosszú leírás teszt Hosszú leírás teszt Hosszú leírás teszt Hosszú leírás teszt Hosszú leírás teszt Hosszú leírás teszt Hosszú leírás teszt Hosszú leírás teszt Hosszú leírás teszt Hosszú leírás teszt Hosszú leírás teszt Hosszú leírás teszt Hosszú leírás teszt Hosszú leírás teszt Hosszú leírás teszt Hosszú leírás teszt Hosszú leírás teszt ,taxable,1,1,0,1,0,100000,qractivate,,https://qrsystem.hu/wp-content/uploads/2021/03/JtkbyUDZkPTJgcQ.png
"simple, virtual",H6nrgABpZ656wG4,1,hidden,Rövid leírás teszt Rövid leírás teszt Rövid leírás teszt Rövid leírás teszt Rövid leírás teszt Rövid leírás teszt Rövid leírás teszt Rövid leírás teszt,Hosszú leírás teszt Hosszú leírás teszt Hosszú leírás teszt Hosszú leírás teszt Hosszú leírás teszt Hosszú leírás teszt Hosszú leírás teszt Hosszú leírás teszt Hosszú leírás teszt Hosszú leírás teszt Hosszú leírás teszt Hosszú leírás teszt Hosszú leírás teszt Hosszú leírás teszt Hosszú leírás teszt Hosszú leírás teszt Hosszú leírás teszt ,taxable,1,1,0,1,0,100000,qractivate,,https://qrsystem.hu/wp-content/uploads/2021/03/H6nrgABpZ656wG4.png
"simple, virtual",P866vyllDaxQYLP,1,hidden,Rövid leírás teszt Rövid leírás teszt Rövid leírás teszt Rövid leírás teszt Rövid leírás teszt Rövid leírás teszt Rövid leírás teszt Rövid leírás teszt,Hosszú leírás teszt Hosszú leírás teszt Hosszú leírás teszt Hosszú leírás teszt Hosszú leírás teszt Hosszú leírás teszt Hosszú leírás teszt Hosszú leírás teszt Hosszú leírás teszt Hosszú leírás teszt Hosszú leírás teszt Hosszú leírás teszt Hosszú leírás teszt Hosszú leírás teszt Hosszú leírás teszt Hosszú leírás teszt Hosszú leírás teszt ,taxable,1,1,0,1,0,100000,qractivate,,https://qrsystem.hu/wp-content/uploads/2021/03/P866vyllDaxQYLP.png
"simple, virtual",0RLAZO7rOKVKuBW,1,hidden,Rövid leírás teszt Rövid leírás teszt Rövid leírás teszt Rövid leírás teszt Rövid leírás teszt Rövid leírás teszt Rövid leírás teszt Rövid leírás teszt,Hosszú leírás teszt Hosszú leírás teszt Hosszú leírás teszt Hosszú leírás teszt Hosszú leírás teszt Hosszú leírás teszt Hosszú leírás teszt Hosszú leírás teszt Hosszú leírás teszt Hosszú leírás teszt Hosszú leírás teszt Hosszú leírás teszt Hosszú leírás teszt Hosszú leírás teszt Hosszú leírás teszt Hosszú leírás teszt Hosszú leírás teszt ,taxable,1,1,0,1,0,100000,qractivate,,https://qrsystem.hu/wp-content/uploads/2021/03/0RLAZO7rOKVKuBW.png
"simple, virtual",2NVjUapxVyV6Zwt,1,hidden,Rövid leírás teszt Rövid leírás teszt Rövid leírás teszt Rövid leírás teszt Rövid leírás teszt Rövid leírás teszt Rövid leírás teszt Rövid leírás teszt,Hosszú leírás teszt Hosszú leírás teszt Hosszú leírás teszt Hosszú leírás teszt Hosszú leírás teszt Hosszú leírás teszt Hosszú leírás teszt Hosszú leírás teszt Hosszú leírás teszt Hosszú leírás teszt Hosszú leírás teszt Hosszú leírás teszt Hosszú leírás teszt Hosszú leírás teszt Hosszú leírás teszt Hosszú leírás teszt Hosszú leírás teszt ,taxable,1,1,0,1,0,100000,qractivate,,https://qrsystem.hu/wp-content/uploads/2021/03/2NVjUapxVyV6Zwt.png
"simple, virtual",Io5TlidIhOAFBJE,1,hidden,Rövid leírás teszt Rövid leírás teszt Rövid leírás teszt Rövid leírás teszt Rövid leírás teszt Rövid leírás teszt Rövid leírás teszt Rövid leírás teszt,Hosszú leírás teszt Hosszú leírás teszt Hosszú leírás teszt Hosszú leírás teszt Hosszú leírás teszt Hosszú leírás teszt Hosszú leírás teszt Hosszú leírás teszt Hosszú leírás teszt Hosszú leírás teszt Hosszú leírás teszt Hosszú leírás teszt Hosszú leírás teszt Hosszú leírás teszt Hosszú leírás teszt Hosszú leírás teszt Hosszú leírás teszt ,taxable,1,1,0,1,0,100000,qractivate,,https://qrsystem.hu/wp-content/uploads/2021/03/Io5TlidIhOAFBJE.png
"simple, virtual",IdHRHcpF0PbuyGw,1,hidden,Rövid leírás teszt Rövid leírás teszt Rövid leírás teszt Rövid leírás teszt Rövid leírás teszt Rövid leírás teszt Rövid leírás teszt Rövid leírás teszt,Hosszú leírás teszt Hosszú leírás teszt Hosszú leírás teszt Hosszú leírás teszt Hosszú leírás teszt Hosszú leírás teszt Hosszú leírás teszt Hosszú leírás teszt Hosszú leírás teszt Hosszú leírás teszt Hosszú leírás teszt Hosszú leírás teszt Hosszú leírás teszt Hosszú leírás teszt Hosszú leírás teszt Hosszú leírás teszt Hosszú leírás teszt ,taxable,1,1,0,1,0,100000,qractivate,,https://qrsystem.hu/wp-content/uploads/2021/03/IdHRHcpF0PbuyGw.png
"simple, virtual",vyGidFOfKPHkEZh,1,hidden,Rövid leírás teszt Rövid leírás teszt Rövid leírás teszt Rövid leírás teszt Rövid leírás teszt Rövid leírás teszt Rövid leírás teszt Rövid leírás teszt,Hosszú leírás teszt Hosszú leírás teszt Hosszú leírás teszt Hosszú leírás teszt Hosszú leírás teszt Hosszú leírás teszt Hosszú leírás teszt Hosszú leírás teszt Hosszú leírás teszt Hosszú leírás teszt Hosszú leírás teszt Hosszú leírás teszt Hosszú leírás teszt Hosszú leírás teszt Hosszú leírás teszt Hosszú leírás teszt Hosszú leírás teszt ,taxable,1,1,0,1,0,100000,qractivate,,https://qrsystem.hu/wp-content/uploads/2021/03/vyGidFOfKPHkEZh.png
"simple, virtual",2xwY1dAHzWBFrkd,1,hidden,Rövid leírás teszt Rövid leírás teszt Rövid leírás teszt Rövid leírás teszt Rövid leírás teszt Rövid leírás teszt Rövid leírás teszt Rövid leírás teszt,Hosszú leírás teszt Hosszú leírás teszt Hosszú leírás teszt Hosszú leírás teszt Hosszú leírás teszt Hosszú leírás teszt Hosszú leírás teszt Hosszú leírás teszt Hosszú leírás teszt Hosszú leírás teszt Hosszú leírás teszt Hosszú leírás teszt Hosszú leírás teszt Hosszú leírás teszt Hosszú leírás teszt Hosszú leírás teszt Hosszú leírás teszt ,taxable,1,1,0,1,0,100000,qractivate,,https://qrsystem.hu/wp-content/uploads/2021/03/2xwY1dAHzWBFrkd.png
